Address,LP Amount
0x92b8f9fe69d7a0ff316de2fbeadd1a5c29f774ec,832600274341368320
0xb0c06e6c5a47358ba2bede40aa750e307e50859d,39443294315226800128
0x1fa93cae01311fbfcbac882c7a689859eb785dae,777703552956222976
0xae1b058185a4ccbb5bbf2be8124039e4ba8f907f,8711954143111944339456
0xfeefa6a1b81344723f7863e00890a3186751394a,667910110185932672
0x0370348585515800f51072f13471c5c5a67fa07a,393426503260206976
0xbd87fdad3cec221ebb4bf11f4ead250331752e17,35948203053705887744
0x489d55df278224a05f793098d41753d5669d5144,1518809291655682560
0xb16187b31fd260385ff405721796d4cd84739e55,9149453564190860
0xbca50151397b790c7d1cf5c66e8889a08b086612,578629742306558279680
0x8d4b2b5e38694c2d7a2763244a3c593af932c3be,793047186583371120640
0xd6991901cc0fbd1ba5470edf8f545a0db7e59ccb,94971327996301115392
0x9bacec26542a3652a131aff8ae10bd0787cfed1a,146043577791614500864
0xc8c5152d2747b77eb52ef96ea9a3e770b583d586,6935285801656671232
0xa4b676d48bece74cd241bb487e55682e85d023a9,146391257027053760
0x306f6465c5ddf502a5bb31e3b340ad30f7ee0c77,24346695934311874560
0x6735646dba76763695be5395bf2f4245046db44c,76288143818223370240
0x9332764dbf57f6cb4dcf7757fed2f5517e2227b7,23623889102740799488
0x5d6836f641fffe6a86799b51a4bded07148760ca,363224157044812939264
0x12b594f4987c1978b3c4e2a018bf561846d1962c,4336840989426467328
0xf89684bccdca539cd09f26e8cf4c396b7c6fb39a,3925115579037878784
0x4714da5ae7c92d4bf99ca19f5aa7755a1bd0e42f,1546257652348255232
0xca54fa35a5b545c1564f9373255e29d30192f6e7,439173771081161216
0x44fa1b7b7acc00f6c81539a8fe255794edf7c03c,8124714765001484288
0x8198701ef72cff6f137100827d5761e1e057c1ab,199000615021151191040
0xc70be833d2df49add0943d38cf064e974faf2ff0,23477497845713747968
0x6d39986be91769b86818d5c470562b4eb00f37f4,182989071283817184
0xcfa7acf8b959b0e370a68492876a09c34ed58428,6917746299174118227968
0xa766094e9bf0afc1bb5208ec9a81a782663d797a,64046174949336024
0x8a3154b26c925fa8b2d61fc0b94747079acc5691,638604410419829407744
0x13db10eb80547a9c221fecddbf11558f9ad45a46,41758106066967076864
0x8b46cadc9aa88224f167711d333134a1f769f918,8637084164596170752
0xfeff18971b0e49f503586980218c835dca346b8f,42645603062693593088
0x48e656faa91f50b8539b679db48feb10b5529d87,320230874746680064
0x466719a736a82041ab7a15bf564b498d1a52e181,9670972417349738496
0x3c69f27ffa0c9fc426a664d1aa51200ab52b6f17,9149453564190860
0xe2e3fce1b7712c0faba08e72990b5094c666ef5c,1171157504577122598912
0x52dfdf369f6b4fde187a9d54561cab8f9574c0d3,237162985837391249408
0xd9f3d4bb742af9feb8be2f629572e6baf09cc5cf,6276525145034929152
0x6a4f6697c6f42c2b52e39560a664892045a89af1,236623168077104021504
0xa3ff8b3ec606ae0c00676ec682d6afdc7d708312,9149453564190860
0xb9cb4d9484e0d78ae52deb37c5e38988b70bd9c1,2699088801436303360
0xe319450100afa5d5e3cf7da20390fd473a328b56,978991531368422016
0x4dd1b9f770ea4b115e31f32c88fbebb92461a3df,137241803462862880
0x620bd9e7648ff5cc94f7f0840b9874652d7df811,19625577895189393408
0x617616dd22233b07d426dfc946f017b6128d2aaa,137241803462862880
0x08f2184e570899b33591c6e78c07cd20a76fe1fc,24566282819852460032
0x9cdf1cd87b904e3d1991a4cdc734c0b807412834,137241803462862880
0x22a4bdef92a469a29ac9387f1a28c6ea5aa52ddb,8701130339545507840
0xc80321a70f3aa6c82cf2c9c8af2d46666bc4846d,8234508207771773952
0x99a4094b34586c24902f4ce5e181053bb2923ffb,146391257027053760
0x7cf38d0f09f89016955881336893250230cffd65,146391257027053760
0xac4e179feb07548ddcfbd347c8dfa332c2a4ceb6,1216877324037384448
0x7f7f1c49ce26004e926035abc498c514251d0615,304585309151913705472
0x0da683cacdbaeb70d7b2592e460a8daecd9ba8c1,550714759482211958784
0x126a54ec38e6cc4175f7587262d8129009339d56,17731641007401885696
0xd2b1d4ede6fe2f1e0a27bc70117ac08282294841,69279662388053188608
0x81d5813c8f90641b2ec51f74efc2c60a05978b7e,534858756455469285376
0x17b1d9a1a8f0363e04bccdf2839cb107b2297774,48830633672086609920
0x089e6d8721a5fa330ff5dd63033b940fa1ddd637,768554099392032128
0x9f012b153929ecc244c156c09f22f72569315fd9,68126831238965141504
0x2e60fde232979d6dd223845f916962382a80e4e5,484921038902115520
0x450d917214101a4e3f5af7ac0eb1425afa20791a,33752334198300082176
0x029b63e8ad652e4e4e2efe80da2279c26325716b,1573706013040827904
0xf6882d198c8292dd204e48444c775a037aed8436,28171167524143656960
0x5a27c4016a1ccbcfb55a24de25a33220eb45245f,9350741542603059200
0xf329e1b7ea617eb1a4b09ad3cd5ad51a121a42f3,1085756505008965156864
0x015ac234b727105a840ec363ef92be33228b23ce,18646586363820969984
0xd6ca190274db3cb7a0b20afb3b089d98eeaa8248,521518853158878976
0x26bff40cdd8db07e9a5341fcdbac29926beefa71,2964422954797838848
0x1fc7ba83e89bb974fe2d249dfa115a868dc864e5,6633353834038373376
0xbc272fb3a57ef682a9236cf76e639dfe90a66750,54649686138911997952
0x3f4af6e9952b8cf65fa1e7a061d10fa01ee8b0d6,9149453564190860
0xe7908ddffe945b547a07cf9d61b08f8a9edb09b5,20686914508635533312
0x7c5eaca13133c55643922b9746d5c6e6c9e5f862,71411485068509650944
0x671813687ef1c4f0dcccd6940880b0cb790364ad,269844833968681025536
0x6c36f5dfb952c7eaf251733a3572e5042fcf2b4c,2357960574749011607552
0x1ee284babbcedc1d2aaf72e5caa049b2ac37aee2,14291446467266121728
0x19daa43e03c02bc7eb3918a2283138428731e4a1,30870256325579964416
0x425e07eabe1e9367158a76f9ffb6a71757f519bb,301117666251085381632
0x5af8e967b04ac4525677777d5856d1c6723923c0,713657378006887040
0x9ea5b2817a7fc47ce87576c19de9b01e8949bbcc,5141992903075262464
0xf1bb85b4d326bd8743d3fc1feb440f16dd784cbd,1015589345625185536
0xe00b841251b8d8f0f78ab5ccd541f3773b8389db,81119055300116152320
0x88c5f23cb1b9f4c8bc1f6c565c346cca606f4449,9149453564190860
0xc31ca0dfc4537d4c214c3ae94a14442d50729401,772213880817708433408
0x9548f8046724b3a807df7bbc9e84fbbf59b8b7ef,192138524848008032
0x8a6ab47b1b794275c9e4d931e1f096de117d775c,10412078156049199104
0xce7912a19a4660caef1b2031769bf2d265f65c0a,91494535641908592
0x21376916d9dacb5550aa55c32d4265fd2fa1ba25,3202308747466800640
0x99e8799914fe0cafcdb9e852832ada956e14db39,1303440304208194043904
0x64cde0eb1341ef0b5495672e34f041417c6a4adb,777703552956222976
0xc98b157d288543eb2f43cd0b6f94aa44c4d6391b,67651059653627207680
0xe92a405afa5f6a1b55f87f4bff1dd03bfcb144c3,8206995800904251211776
0x96a84808e1a9a093ff16dd9550ab48f60cab5a7c,559123107307703500800
0x08d3215dcb15a79bd2280993a2191eadc34ab950,227071138556088778752
0x6cb3981d8f8696780525c872e24f6c552adc376f,8133864218565675008
0xe0492083497504d81b5d58b7831b995ffcf8d9f6,3431045086571572224
0x7440444510048eed16041357ddb1f527a41448c6,365978142567634368
0x35767be1d10c9bb896afb537527c5ee35b64f63e,21638457679311380480
0x6f8e021a86a99c8d1f74ca32dc0a74cd2da76473,310157326372505976832
0x6c2693f5a936f37ed03cfa8465bf2d8beff19a0f,70020768126752645120
0x0d208306adccda6e3ef6ea36cf2d956161defbd5,1189428963344811776
0xe630b779f6b194af081883cc304b1b44b19246c8,6825492358886381568
0xf07add5ce0f6ac0db4105b34f74b899fead6274c,154433626709977497600
0xa5ae0a84d79217aa9e0a61fe1983ae1fe3419d1d,5105395088818499584
0xd31f6bcad59e7f4d6f00bcc9c786981d7b10abfb,854156386938601865216
0xfccae3bbc7d90e6b1f3108132db393d9c8cb9697,50340293510178111488
0x8b2bab117721c370032b27ca290acf282edd6ac8,103782251778616934400
0xaed8810b3f7367d63a6d6fd86dfb1878552d9d07,1782972314961001054208
0xcfad910be062b15c30fc307f31f70b220d0a5d2a,115923576658298191872
0x84a2d4423428108aaf0a112121e6ecc14bd07944,9149453564190860
0x66f3c3fbf65089bea354670b687fc66103e349cf,27118980364261703680
0xcfca2216c1bbb2604fd224b5ea05fb9584e962bf,94715143296503775232
0xda38bb65c07a1e33ed98944095f39bf431b6770a,47174582576968073216
0xf78ce842af15bcce94d8f7c8c015d6370aa09cfc,19506634998854914048
0x52179340f92f4b36a4ccc25d7bec73249792c877,96984207780423106560
0xa360d824cc464fac9dd8e90e3c4adb2166c07119,62628009646886436864
0x8cdf58a46c134d0898ee396a3c4802fe7e6d0466,112373588675392126976
0xc467bb07d0509494e413b62f4f2797b6826f4ed8,572664298582705897472
0x046c075379898809e0c693fa18235794c208a975,1341373938685329276928
0x8504a9caf1582a674cbc596a8dc2b8b9dd922744,23294508774429929472
0x9abe353247ae0d600fc7a5f06e1fe01039dd49cf,2764553141688089444352
0x9732f4ff29c2e37a9dae413add43c4e3367f624a,27448360692572576
0x578b776e9a8ff380c257a0dd274820c5d484c6ec,5937995363159867392
0x65227fd76d2f3cfae811e22a0cb5d701c89fb949,13815674881928196096
0x4726bba4f416d840b2a8ac775a6a5d8981fc1dd4,584915416905157443584
0x54d177b140da37b6ccd2a86cc8144dc5bc1a4bf2,26130839379329093632
0x95811c8511aa70012d050bdd9962377e22da9eda,33258263705833775104
0x9b98b0329ee42364d101ac8c03704b263909e3db,530668306723069824
0x5eb23fe613f6dddfb5b0028948679bdc5fe51b4d,1701798362939500032
0x5853ed4f26a3fcea565b3fbc698bb19cdf6deb85,411725410388588672
0x1dd888e48b5b9227110cf6d49c0b565c08fe76f1,750255192263650432
0xd01e12aeb10bc56c31bcb89cab4bdfdfd771025b,47430767276765421568
0x9d3cf9beb8582843450a3a079ccf2ee88220b090,38647291855142191104
0xe7fa5e5cfc3df4305a6436443417c4db4b24ee04,90469796842719215616
0xd0b3a722045f9b3a7b5b5ea2d954ccaf723adda2,597340374845328588800
0xbca4d68be543dcefb1a8bccb519503f9ba3f2026,63899994129740932841472
0x63c34ae55862df0bb7f0eff355b43005c9978bd6,1585920533549022445568
0xe0f221ec4beb4403ee168bb1ae6107d96daf5178,329380328310870912
0x4e5b2447077fbbe3bd3d69bee701344e9ca7a8dc,68084167336995317612544
0xfdaae9e905e4f2df79db2aa820507d25336287b6,1070486067010330496
0x525fae987fefc44313d562102e36498929138af5,45747267820954296
0xf58886c5a06873357e946e75a4a7e3051a1f061a,1930534702044271360
0x3b3f389d556acf95b011a09a0c3fd970589f039e,7420206840558786560
0x5cb01385d3097b6a189d1ac8ba3364d900666445,4437484978632566272
0x88888887c3ebd4a33e34a15db4254c74c75e5d4a,2351409565997050880
0xace5e4e92e7962c1104167ffec39f3b0e9f52c99,17072880350780145664
0x31cd785b11beaffc42d3f9461b245f891922e09c,97615520076352274432
0xb4dba91ecee5f8035731dfea984203b156adca69,1024738799189376384
0xf8c92a50eac2aa2f2edac8eb1034a08335130f20,40504630928672940032
0xc06a915208cbd2d241e7648357a054dc975fa01e,36588664803199250432
0x45354ba7fd880cb247f0940818dcc136b282ad3f,1697918994628282679296
0x46ac736c13573625bba68025f3211a72105b70f9,741105738699459712
0x984c369da885c0f31cb92b47c20da80cd63f0c22,45619175471055626240
0x19db889e543081beac7cc0990bf7546c09acd78e,209101611756017909760
0xe892cccd9617ff003ed8a08052c258fb59f907f6,43880779293859364864
0xa4c25e89398e2076d022798b0510244b939363a2,43624594594062016512
0xd1673b469c7e5ebef39900c45ca1f17d1a6b3227,195898950262890496000
0x00f866f9de015dba200557849eb928152102c05f,4492381700017712128
0xcb6222f4df04385ea08e8da2a5871131ff5f6cba,77688010213544591360
0xfb701fc05365be1f2ad3ff81f68e4807d3be5a93,49288106350296162304
0x47d574e85df71a059ec442cad8dee2224f58b0d8,567266120979833280
0xf6c847011cf1581e53a330afa81e3eb70616be1f,781537173999619014656
0xee48afa1c2f69b4d02a4b509374d01ca650bb983,212889485531592916992
0x09e7cec5694a1adb67e234406a6411100528ffc7,36597814256763440
0xf29961bb0704a9e11332504c4ae0fed8edca6da5,5480522684950325248
0x7f85e5ce67b7ff4808af11bf14a86b8af81c0f19,287622222243903864832
0xc4bf96568ace8c2f29df567a956dd30e5b052d01,58693744614284369920
0x8e4b1cfa2e852304c9f15b756dfb98eb29ee58a2,4144702464578459648
0xac95a33837c491972983dd72ef50e444f93739b9,558116667415642432
0x7d02044442bfcf9c484201b35779a32701f34aa8,29818069165698015232
0x9fb7ed50fc5bace2e7e1101e8fd6805c9a678c84,3010170222618792448
0x07d8b183c428a92d193ff068442dd74944e1fe79,390471229758973280256
0xc6f1b92db5c7b82c3bc34c80706473f7f63db3dd,79453854751433424896
0x4077895a30d974d97b332fb08fd556c8fd9c965e,2140972134020660992
0x2756f3dc96b8cae209cdefbcd0a02c53cef148d4,29644229547978383360
0xee1c8dbfbf958484c6a4571f5fb7b99b74a54aa7,539817760287260672
0x153e593445adee99423f9624c81c3dae7bb4dd9d,3959910950942496260096
0xe80207675d5ef1a902622fc4a99ab9fb07ce4ee7,240603180377527058432
0x57e1af1b909545a7133f40414ce0156ea5f0a638,874468173851105558528
0xb413a1c0cd909397f5238354bf65d75a05eee3a4,1948833609172653056
0xa2feb304e0cb055406864d5960a18a04e7cf2633,876298064563943768064
0xd4a204024a2954f6ed4763bcaff83102c99d6df9,780942459517946560512
0x6a227c0f740b9a1fdb5dfc49000435046c820d44,798582605989706596352
0x161542a8d797fcd07d2c26511d63dd27cdb79e01,2946124047669456896
0x9c64d891b6d141c736cb9ea71ed9f8ea567a36c3,288839099567941255168
0xd4c1b35a3fe3c7828ba0d3b2715327ad1cada2a7,1010401605454289043456
0x802ec985fd4dfafeee70f228fbc99709f752b73e,777703552956222976
0xfa33b570e6dd21802d5633ec03b22d2ab2956bd4,779881122904500469760
0x72801f86fe159fa88be8f3a14bb1747f593e3dbf,9771616406555836416
0xbd60240987ab9754baf7f2c58b89a6d0ea4f003b,123142495520444792832
0x10c5af029f42579da7cdcaee1ef31aea624f12fe,2863980253570150694912
0xf1715d2db359f6212aac999e171f8597a62aa2f3,164690164155435456
0x2df17455b96dde3618fd6b1c3a9aa06d6ab89347,320230874746680064
0xa5224d7bbe8612b4e2c922434c6fc993ad421de8,71887256653847568384
0xbbbbb8c4364ec2ce52c59d2ed3e56f307e529a94,6093536073751112704
0x6ab643ec38cae722127642fdca4925ecbd9a1401,17667594832452548608
0x0b2b7216a9f40b0bec45ccb9b5a2a4ba50165e9e,386518665819242823680
0x7a4e47a4e99e7d5eb9bb5a619e4475d1dc7b3ab9,1543622609721768280064
0x0f228805c03a693aa964a791e0b2e2c6e6c6513f,626078808490452058112
0x17e743abdf2a34018189dc63f46cac67cfe984ea,64274911288440791040
0xe066da3d20735948ffcd9d584d5918a51a1f9f6c,76324741632480149504
0x6ed730d28f03ff5a4d4ab011c5c1c2ce5503a2db,4574726782095429632
0x226bd43a2f91870f1cc0ff247ddcad09e0f008ab,3220607654595182080
0x3cbd9044aaabef08ce93a68448e093cff405ad76,1308371859679292928
0x377ac2a3ada0952e54f538e51865dfc5fabcaed7,406226588796510011392
0xf18234cddc3290868f510c13db0c48eda820a8df,82345082077717728
0xaf1fbd7bd5d6e9d92606fec998f05bd42c3df4bc,64933671945062531072
0xefd8db062b1eb51a6d905d49d64efaaa353961a5,5654362302669950976
0x9d08673ca342dc781980c61528c91e99fe21db1d,38876028194246967296
0xd1e91541444e577a5cba3fcc0d151c01e74d4d6b,2150121587584852224
0x5dc4160dfc71c12d8f264c1aa723b2e66ab15af5,2031178691250371072
0xd421b58af6e1ddec7d0c0c3acee67eded59fae84,576415574544024192
0x5664010afc718cf8ecfd712574ccbfe83924148f,43578847326241062912
0x6599228bdab6695dce0d51881f205b9aaed31e34,89289517332938604544
0x9edb033a65a077819e07e0ee03188b5b671c303c,5170401956392076312576
0xfd1dfa1a323cc3b66a1fe525c0345eb4799243f8,1557182099903899238400
0x954b53bba4da95537738c6bb7f6fc17e24aa0f54,63072828630816694206464
0x513772b03a3b5774387042905b7b8f489002cc78,731956285135268736
0x95cf5354519a6ad2bd7e53fe7763201dfb24bfe4,93196334004848082944
0xbadaaaf7f5d6cfaa1e69b87e4698442bb0689b67,1221552694808685838336
0x84baea60a28de41ee321dfb27329d0aad9093d2e,18298907128381720
0xdd3bf3a100b594e72265ce19078bec9996d049fa,15416829255661600768
0xf99e95067725272eb50420cc3706e3035d5369ec,77770355295622299648
0xbd486c9bc38bb71ada7113ce3f2c9fa41b98e81a,4730267492686673920
0x853a4dce16c269505dc92b0f3b53ae9e8a80b228,924094809983276800
0x2d53914cf626ffb125a6f9dc87c28aabf867a18c,150874489273507282944
0x2d6132ac75063692536059dd6a49cf5fb3624042,33239964798705393664
0x07c044e8b1c465fa0a886bd8ec56da4439b02d21,884733860750127792128
0xb7f3976521efb72c5f065c79dc619a557f2e24b8,704608568431902195712
0xafa325535d0ffa929708be9dbd968e5e7b180a57,6834641812450572288
0x070415d711f7f4f6043394aeadcc36b104d83a92,100643989206099440
0xf0ee45c02747120c51f03d729554f7190f3b9276,115978473379683352576
0xe447fe906487a6dc582a862a00bd8dae91c86e8b,484921038902115520
0xe061beca18d55805d14af8072dc6396443b4c54f,94934730182044352512
0xb79a6f2d5f138be8f049d6966771b846be350944,74037378241432436736
0xc2dd1bdd6f4acbaa1a69bbd36c8a59aff7b3e063,475771585337924736
0x3c473a87319826e6dc2737abadf8879e7c325661,8966464492907042816
0xfcbc54dd92b27299986bc3fbb7934f53ce3e300d,164150346395148222464
0x3ffa11acc1b21d44ddc39416f072c57e0b6ac957,1665200548682736640
0x90b83c2fb587b00b961f0ee0755b89c803f07945,9149453564190860
0xcb952b58d8939d95736231c89a67640fc8d4b94d,14712321331218900992
0xa07a0d3a5ea0908cf533bebab4ddd4e9073e533a,428624451121649221632
0xfde25e4a3b64a7470e55705a02dc3d2628602773,94111279361267187712
0x6181c44c062d76d08500cca54cb796ac7ecec24f,1654202905498579107840
0x9ecdd939aeb6d74c5f7cb9604d873d7c2766db51,997290438496803840
0xaa8bb14b58e867514f4ad09d9de4b738dc2e5f36,313588371459077505024
0x553d68f907fafcb0a51feab3079cfc5e0b7be4ec,77184790267514093568
0x30faeb58016c7a979585f33d4258ef00b122c614,9149453564190860
0x3214e141bdae08be1f382a885cf3d2a448a5e780,855977128197875826688
0xa96dfd5942c1d8c39f0e08b2bc055f412950e828,12333463404529281024
0x190ad96cd76382dbfce44cf7db915a71f974e1c8,64046174949336024
0x1fc850762b2714bf53df1fd05c4b1ac9eb93de8f,69197317305975463936
0xf7d32344c8e9b0d9cd57fe15bad06c6924b9263e,177453651877481709568
0xc54070da79e7e3e2c95d3a91fe98a42000e65a48,210437431976389760
0xf5d7bb6cb58f746dcb087c0d4129beb249730723,1271225078208678068224
0xdec068b3a229c2b8eea394feaf7b48ee57f7222f,38601544587321237504
0x21fddfd3557f807fb308a97950c613bbe89baa7f,622162842364978432
0x56eeb045258d16f041c8347e30cb783b650edce3,2150121587584852224
0x2c2e7dca11c0cf96e27ba53e196ab79b4c123b0a,1476447321653478948864
0xc0897785fb0c3e6289c350f501b36e7276dee92a,65171557737731497984
0x4167f26312c8fe15bf4b04c0e7e8958734eb6931,97350185922990751744
0x2bd37f67ef2894024d3ee52b20a6cb87d71b2933,292782514054107520
0xd7664c12b16b659a7e743adc28d4747eacbd5523,942393717111658496
0xd367ab4d74f103dba4c09cc19a7aa0c75967b8c3,177892825648562896896
0x22c90bc05ac3275109a3d2b1990491a667930aa2,8334063412003733504000
0x1f63a3753ded20a3765cc69aa02d91a14204c4f0,39717777922152521728
0xaa59d1f056e582c0ef065e0475c7ccd427938d4b,59773380134858883072
0x9df00f107c531981c44db2e73a216b47dab81046,7109125419376297984
0x88d2111ea32f1a81a02332ac65722bc4ff2118c7,823450820777177344
0x29f2b1c3e18da9a71e18b8d21e8628f7d935ade9,181177479478107406336
0xacea3bdd0af0de51a8d2003fe76bf2310fb9c636,265334153361534912
0xa0e49a1b2eacadf5dfba7f9c02df71dc7fd56fb2,311401652057235914752
0xd02364b9ee5f21c5cf4e346c093e8ccde32f57c0,558921819329291157504
0x292fa3225f8f6884e8c3c555143679787fbf9ee8,9149453564190860
0x412a66bdaede5aa901fb125db45c53956a3d835f,104733794949292769280
0xcf79ac2cefb3eb3bfd57b8f3d3c1f0cc26bd7034,125512203993570213888
0x98468c0e9342d4e0ac3e09257251fab192992092,1015589345625185536
0x48f8e4f2ed6f3ad4ba2d41150af2db462721d264,164690164155435456
0xaf4b8d2214a6e486a9e7b142fdc0c14323022b02,732258217102887092224
0xf652049f5ec88515e76bc355562b825716d0d05f,777703552956222976
0x6aab3a5d61c8e2b6b0f1b6701dfd7477b0b13a3f,87615167330691678208
0x57967be4b1778512b34f6dcd4344e30e62887dde,489056591913129869312
0x089da352d9b9c929f2e41bd85769fafc31b67376,40623573825007419392
0xa0db06b78488834c9c8e65f5854200318f2cb179,2195868855405806080
0x6e4efc631bf2d85fa978544813280d2988a5d2ee,686209017314314496
0x57201f406818e73d274824ef71c4207d82fa38d4,349554873419911790592
0x9a08883997cdae37e58c43928fd7dbfbf1624654,4144702464578459648
0x03673e5131103e54b713f537554ae597c3edcf57,823359326241535557632
0xe02cf3ed3705a92d89a0573a60e5e52f0eac52aa,869198088598131584
0x7b3fc8884f69a30bea47013961e06c54fc003ad3,56497875758878564352
0x72dadd09171bd3044898020989c516e8b956cbdb,300257617616051437568
0xa0a377d13d29ce084037b76815c358c16e6a3405,32508008513570123776
0x392c725ffe9f6649e7b485252621302a78184c10,60047863741784604672
0x4e3e23277961b62696e77b2993d2deb6943a1b37,224911867514939703296
0x8deecb109b854aee9dcde0778e77b60d694697c3,12296865590272514048
0x07edcf4925bb219d02dc77a8e61abad3de2c9922,59114619478237151232
0xc7599c9c280c3fdb94b3d0c0cfe9f86e08dbd961,233841734193590009856
0x8c25632048fde94511ba7da5785cbfca179f6b77,37146781470614888448
0x6b6c322888ef96d3dc2d4759450352eb71245900,885072390532002742272
0x357f4da4c20d812d55543433c96c7a154b9a5c53,517721829929739812864
0xd4386a878b76715537b2f030f11a4ac933906daf,18298907128381720
0xee7c077abad180cb3c7c60fb29732bbb19815273,567266120979833280
0x2a724be1b63caec1c3ef95834fdd443c3347ee1d,15480875430610935808
0x3c6d4ff09fac50ca6ec6802d4a04d884ced969ec,35399235839854432256
0xe12d731750e222ec53b001e00d978901b134cfc9,1848189619966553600
0x8e150600934a63336c2d6e75a1b41d96039eb445,933244263547467776
0xd8f89e6437b7d515706dcab8c9a8219eaf4863ce,14660709263663299559424
0x2277525f82513525fa800239524fe462773fd43d,82125495192177164288
0x946911b1ab018978120455d8f05a9a24fd6534bc,45518531481849528320
0x6a4f702fdf49a348ed98a45e0298be8952fdf866,11775346737113634816
0x7c659bab15e8c8bed74f1b9c1c2cadee39884f19,15837704119614375936
0x4d9d6d039b58cbda951d052794f2e64ddd99e6ae,23203014238788018176
0x9d6075203fbc27847afe0edd4c1cf1a93de5196c,6953584708785052672
0x5bf64c6bbe1a0f3342b499c7f26b3fa3ead0cb0d,3309119468375164583936
0xa5aa5f4d5f30e76bd2c6a7561fcdc77a740d436a,3330401097365473280
0x773b573a68318eb5506016981452b249ebcd4443,10491769896593300389888
0x2bf36220c20110b4cc2287d5ead8276e867d36b9,46323683395498319872
0x45ba8f9d1c9a68b47ed73248f307fc30ce6af89a,27448360692572576
0xb2812370f17465ae096ced55679428786734a678,993978336306566660096
0x6b1323272059b2dbbfe5ffb79fd8b5fb561a216b,4336840989426467328
0x5a8e9fa98e02c96eac01ec44df16ab0aa16c3e91,33669989116222357504
0x33e7b2c5fed39d2dbb3e8c8e4c07df81b65d015b,9314143728346294272
0x82e3252313bedeedb03e1add530dda936d38ade8,316232563539128680448
0xeed1a716e101d3a2bf1728ec421a8b4227f3b653,13138615318178072576
0x7efdec1d3fa35a11906928c5b4416c5c8ebb8ff6,13989514499647823872
0xdcd1d1d4ab3f82abad68b1bde4b69c1b051cacd4,1363268581064438016
0x5275817b74021e97c980e95ede6bbac0d0d6f3a2,228736339104771488
0xfe916249feb19b2099c9e16266b24a23e9c44ed3,1035443659859479625728
0x2c9ce0894515c31c557ffbeb987c2b2018b304ad,393426503260206976
0xbb103a0e7abe338de3b5222eb6dfe8e50f17d376,2496373508268090720256
0x93893f7e609888801ea67a586fc40fdb06f8b700,430609882545078599680
0xa3cc3893b0d952c312afbd42d48d5b3b1ac177ff,933244263547467776
0xa4a1ffc4b4fb9f215136bf95753676e7899a141f,15636416141202180096
0xd4edb2c764a0864772c6a42c41cbd3239c7b5d2b,5544568859899660288
0x678edfa56dc0d299f6ed58f0f095b14d2587ae86,41181690492423053312
0x572ffc9f8d8ea42c811b84cdb5d1d14bc4699c9f,88905240283242577920
0x13846a5e1bfba1d979cebd971cbab2a328fc38a4,3083365851132320256
0xec744c6a3e07993264f40f1b0a1d6c99bbae9c8c,3248056015287754752
0x5ca7aed8f72328fd52f1ec6d4958f201ef589e2f,262982743795537870848
0x5548e0342dd2618b0378baf49653819e9b184e75,384277049696016064
0xffbc10d5520d549f36dd6f4774710e121d9ea1d1,138989349093623332864
0xf5908c56fb645ed954bd26c784f4a1439ebf4db8,1207242949434291257344
0xec48d396c9ea9a0ee7835cf80c772623ca53586f,388842627024547348480
0xefd4995118b757967e8b09075443b341d757817d,62737803089656717312
0x49a5492fdfe5acc966dd5f41310dfdfe8daa349c,15682163409023133696
0x3021338c74f10cef1ece6404ac1498c2559f7a5c,961461178339432202240
0xf89304138b35ce427e65f344c50c82f6609896e9,66498228504539168768
0x35fcb4870a6489b9e367ded027e9e99a10397619,2287363391047714816
0x46dff191646ba20453c6f6d9c7ff60431c17f07b,777703552956222976
0xe07bbdb8c548d9b943c4b211360655a4439c944b,311081421182489216
0x1c15e05408bec7332ad6fa4815b2a24cf31f600b,173025316352413368320
0x9bc5857b5ac75ffaec493eaa5a55c889ca6ba0fc,63231873582123032576
0x1abee6879bd08cc164c1ebd44fd71399f1529205,581109244222454104064
0x454669250a5d35f96f19e0e429129e45aae45b54,9433086624680775680
0xfa003fcb52d3a91082437ddd69297a3adf94893f,4748566399815056384
0x0a54b099a1bd6f2f62902921fd7f41e0185811db,21931240193365491712
0xf0503652ee03a3d5b21056251b588107ccb46fc8,136153018488724176896
0x8fda1ead2709923c058217b441ef5a5bf09f4022,311081421182489216
0xbe19a2f7f7491e95d6f4f3d6051535d8f81d7501,2808882244206593536
0x4216c6b468724e72b4791c6483a5eb5d29e75deb,1597265855968619266048
0x4b83579f001fc572c0738bae98559f2dd0fe25d4,111339700422638567424
0x67dc4300d955c42721b41034dbe238e0a714ec9e,62893343800247967744
0x052463c5b558f273b69f5d831603a815ae4eea41,311081421182489216
0x7a7c79a4abcb4e6dbc1b6c83124b8541bd85bb28,109958132934445760512
0x866b0a8c18167e41307dae5cabf864a90fe43f02,805023821298896994304
0x9540f81a34a56e8a84a8acda49615dcc357a7593,152667782172088696832
0x5cd53e829c4d8c9389e266794bfa71e108b246b7,41209138853115633664
0x6922941256d84a75bbc951dcfe9b053201e93360,1674066369186437267456
0xb6e4af9027c7e084ef45e820da3139015a33df0e,439731887748576903168
0x9030d5c596d636eefc8f0ad7b2788ae7e9ef3d46,45747267820954296
0x63712c2f30f48ff20beb3837578071b70cea9f07,139080843629265256448
0xdca81888531bd3a3219d978538bd951efb50dce0,30806210150630625280
0x8c0026f3045f6441c5ea9f8789d90ac46492d9c4,81091606939423588352
0xead52185079e4da6891a0df01a6bdde75165228d,1033888252753566976
0xd1bca2887fdc97528c3b29ece656b71992066113,3522539622213480960
0xf23cc2e3b34eb505ce5b82b601ea84ddccbcc89d,74293562941229776896
0x30d4c0a32e013e84de5bfbf6c3994482c4014d9e,310486706700816875520
0x5f9ee29d0bb5ef7605766cf28c8d93fc970cac71,67083793532647366656
0x1f7426a4915771b79dad62fa9910b95b6842edfb,17621847564631597056
0x0e83a3656394bec2d91141ca5ebaeb436c515e79,4382588257247421952
0x38c95a039171c17ff0bf25692798659062061068,4016610114679787008
0xd879dd8933ae3ca71bd60ece2a13636c0c916d35,1436464209577965056
0xb37db350bac8b0751141d567b5ad0e1140cbed75,850899181469750016
0x1ea577fab6c32d0fbbb4841bb8c7142a71fbb46e,34648980647590780928
0x554d9fda5df38ce610804764a8763f3da4181606,6871239626707335168
0x9d00774e6f6a224008862ab3d756c6ae5c742e05,7813633343818992640
0x6d93ab5743ad9fad6ff3c33e3ae60755b8913a08,177316410074018840576
0x52c97e408b0b8afa95aa0f7e04dcc6cea33be13c,1436464209577965056
0x7754d8b057cc1d2d857d897461dac6c3235b4aae,24906523549544019394560
0x1042323f44beca53bf2e26bf5067135f754b191e,3559137436470244864
0xe193296730813a276d32d7971abab8719146e288,18298907128381720
0xdb6abcfe6913c1b296df2970d3b57a9b431d1680,21550000762252785876992
0xb005c17d739e5ceec5769e73390ac714672d7550,9149453564190860
0x86bb1f0c21a1b8dad85089357ce5b42a581ba8ac,1372106953207446503424
0x411d20d599e6a448ba71a37c965fd2ac4033031d,44182711261477658624
0x9a486b25c645b0ae4d1c81aa6ba9ceddde077149,117021511086001111040
0xf8f3addb186419fdd7e6cd4f7b6c06ab3d01e92a,3641482518547962368
0xc2e7d764d6a2c9e24c8172ab476852c8992a5f5b,244336157431716937728
0x9729c5a53a0514fd124a74c9fc83fc2e8b8161fb,690701399014332170240
0x7f8617413a1d82cbf02c24e0a74bd3546a32b9fc,6099620460371298484224
0xf4c70f98bda86e53bbae417abd08ce73c57296f8,40129503332541104128
0x9578380ecb0bb6e546c89fb595090645f8abffa2,978927485193472704512
0x79d2e55e30cd4183715f53517d5c5de850aba2cb,445102616990756962304
0x98ed3de65a3eaa55dcba3a2e287695b0948092d4,809388110649015926784
0xfb41cbf2ce16e8f626013a2f465521d27ba9a610,7209769408582396928
0x5f0ff52df8df2c5351c47b6711c33f36c5402909,282974299833294848000
0x9744706728e5db4d535dbf2fe1e6a4ea6cdb1ea7,6185030609393020928
0xa3a7739486ace332f3bb307c6e5ee175fa131839,78776795187683295232
0x9c54cfc3f78339ae1904a2b3cfc8622ba2fb4781,910700009965301399552
0x9c20b6eb1452e6ad77d67a8b5d86fddc384e93f3,280009876878497054720
0x9a3583a868156435ec9174b6310729b741d4379b,209595682248484192256
0x3d8bb79b2ee63178e0e9de6c199fb1df5bc33597,67102092439775764480
0x0bef24dca00c086713d3ecc897e0dd8cc156ba28,796441633855686049792
0x219dc7e52998432f3812cadae69085ec445395a3,11125735534056085504
0xfc1761ac1fcd39879cf68831dc7d4f4796293e5b,2223317216098378752
0x6371024c5ffdaefef716adce3cac52ac6181cd9d,1711332093553386979328
0xde078c11e0885fb28057436a4ab751189c1b3416,249478150334792171520
0x1f7d588333431870f107210feb039df470d5fe3c,173839617719626336
0x3bb8c7f964d49f11a2ef8a41a6cb00cbee8df53a,4208748639527794688
0xc9b8dafc1928070222167817ff0a0c92d15bb6a3,4034909021407427806
